{
  "001309.SZ": {
    "cached_at": 1781017498.3693178,
    "rows": 60,
    "last_date": "59"
  },
  "300308.SZ": {
    "cached_at": 1781017488.5153852,
    "rows": 60,
    "last_date": "59"
  },
  "300394.SZ": {
    "cached_at": 1781017488.516285,
    "rows": 60,
    "last_date": "59"
  },
  "300502.SZ": {
    "cached_at": 1781017488.5167968,
    "rows": 60,
    "last_date": "59"
  },
  "601138.SH": {
    "cached_at": 1781017488.517306,
    "rows": 60,
    "last_date": "59"
  },
  "600487.SH": {
    "cached_at": 1781017488.517695,
    "rows": 60,
    "last_date": "59"
  },
  "002281.SZ": {
    "cached_at": 1781017488.51824,
    "rows": 60,
    "last_date": "59"
  },
  "688820.SH": {
    "cached_at": 1781017488.518878,
    "rows": 33,
    "last_date": "32"
  },
  "300548.SZ": {
    "cached_at": 1781017488.5193422,
    "rows": 60,
    "last_date": "59"
  },
  "603083.SH": {
    "cached_at": 1781017488.5197031,
    "rows": 60,
    "last_date": "59"
  },
  "300476.SZ": {
    "cached_at": 1781017488.5199769,
    "rows": 60,
    "last_date": "59"
  },
  "688256.SH": {
    "cached_at": 1781017488.520397,
    "rows": 60,
    "last_date": "59"
  },
  "688313.SH": {
    "cached_at": 1781017488.520906,
    "rows": 60,
    "last_date": "59"
  },
  "002384.SZ": {
    "cached_at": 1781017488.5212002,
    "rows": 60,
    "last_date": "59"
  },
  "300620.SZ": {
    "cached_at": 1781017488.521548,
    "rows": 60,
    "last_date": "59"
  },
  "002916.SZ": {
    "cached_at": 1781017488.5219011,
    "rows": 60,
    "last_date": "59"
  },
  "688629.SH": {
    "cached_at": 1781017488.52226,
    "rows": 60,
    "last_date": "59"
  },
  "688498.SH": {
    "cached_at": 1781017488.522656,
    "rows": 60,
    "last_date": "59"
  },
  "688808.SH": {
    "cached_at": 1781017488.523328,
    "rows": 30,
    "last_date": "29"
  },
  "002463.SZ": {
    "cached_at": 1781017488.5237288,
    "rows": 60,
    "last_date": "59"
  },
  "300475.SZ": {
    "cached_at": 1781017488.523901,
    "rows": 60,
    "last_date": "59"
  },
  "000988.SZ": {
    "cached_at": 1781017493.276344,
    "rows": 60,
    "last_date": "59"
  },
  "600584.SH": {
    "cached_at": 1781017493.2772942,
    "rows": 60,
    "last_date": "59"
  },
  "688183.SH": {
    "cached_at": 1781017493.2781,
    "rows": 60,
    "last_date": "59"
  },
  "600183.SH": {
    "cached_at": 1781017493.278709,
    "rows": 60,
    "last_date": "59"
  },
  "000021.SZ": {
    "cached_at": 1781017493.2793732,
    "rows": 60,
    "last_date": "59"
  },
  "002475.SZ": {
    "cached_at": 1781017493.279994,
    "rows": 60,
    "last_date": "59"
  },
  "688008.SH": {
    "cached_at": 1781017493.280694,
    "rows": 60,
    "last_date": "59"
  },
  "600601.SH": {
    "cached_at": 1781017493.2811599,
    "rows": 60,
    "last_date": "59"
  },
  "002938.SZ": {
    "cached_at": 1781017493.2815082,
    "rows": 60,
    "last_date": "59"
  },
  "301666.SZ": {
    "cached_at": 1781017493.2819788,
    "rows": 33,
    "last_date": "32"
  },
  "688630.SH": {
    "cached_at": 1781017493.282221,
    "rows": 60,
    "last_date": "59"
  },
  "002156.SZ": {
    "cached_at": 1781017493.28272,
    "rows": 60,
    "last_date": "59"
  },
  "300857.SZ": {
    "cached_at": 1781017493.283208,
    "rows": 60,
    "last_date": "59"
  },
  "300811.SZ": {
    "cached_at": 1781017493.2837791,
    "rows": 60,
    "last_date": "59"
  },
  "301205.SZ": {
    "cached_at": 1781017493.284224,
    "rows": 60,
    "last_date": "59"
  },
  "301165.SZ": {
    "cached_at": 1781017493.2846248,
    "rows": 60,
    "last_date": "59"
  },
  "688519.SH": {
    "cached_at": 1781017493.2849689,
    "rows": 60,
    "last_date": "59"
  },
  "003031.SZ": {
    "cached_at": 1781017493.285265,
    "rows": 60,
    "last_date": "59"
  },
  "688300.SH": {
    "cached_at": 1781017493.285716,
    "rows": 60,
    "last_date": "59"
  },
  "000657.SZ": {
    "cached_at": 1781017493.286726,
    "rows": 60,
    "last_date": "59"
  },
  "300442.SZ": {
    "cached_at": 1781017498.363301,
    "rows": 60,
    "last_date": "59"
  },
  "301200.SZ": {
    "cached_at": 1781017498.3643572,
    "rows": 60,
    "last_date": "59"
  },
  "603629.SH": {
    "cached_at": 1781017498.365443,
    "rows": 60,
    "last_date": "59"
  },
  "688195.SH": {
    "cached_at": 1781017498.366446,
    "rows": 60,
    "last_date": "59"
  },
  "688802.SH": {
    "cached_at": 1781017498.3673239,
    "rows": 60,
    "last_date": "59"
  },
  "001389.SZ": {
    "cached_at": 1781017498.3682969,
    "rows": 60,
    "last_date": "59"
  },
  "603228.SH": {
    "cached_at": 1781017498.3702872,
    "rows": 60,
    "last_date": "59"
  },
  "300408.SZ": {
    "cached_at": 1781017498.371017,
    "rows": 60,
    "last_date": "59"
  },
  "688795.SH": {
    "cached_at": 1781017498.371796,
    "rows": 60,
    "last_date": "59"
  }
}